<?xml version="1.0" encoding="UTF-8"?>

<beans xmlns="http://www.springframework.org/schema/beans" xmlns:xsi="http://www.w3.org/2001/XMLSchema-instance"
	xmlns:mvc="http://www.springframework.org/schema/mvc" xmlns:context="http://www.springframework.org/schema/context"
	xmlns:task="http://www.springframework.org/schema/task" 
	xsi:schemaLocation="http://www.springframework.org/schema/mvc http://www.springframework.org/schema/mvc/spring-mvc.xsd
		http://www.springframework.org/schema/beans http://www.springframework.org/schema/beans/spring-beans.xsd
		http://www.springframework.org/schema/context http://www.springframework.org/schema/context/spring-context.xsd
		http://www.springframework.org/schema/task http://www.springframework.org/schema/task/spring-task.xsd">

    <!-- Uncomment and your base-package here:
         <context:component-scan
            base-package="org.springframework.samples.web"/>  -->
	<context:component-scan
			base-package="controller, transactional, component" />
<!-- 	<context:component-scan -->
<!-- 			base-package="transactional" /> -->


    <!-- 非同期アノテーションを有効にする -->
    <task:annotation-driven executor="myExecutorSample"/>
     
    <!-- SimpleAsyncTaskExecutor -->
<!--     <task:executor id="myExecutorSample" /> -->
     
    <!-- ThreadPoolTaskExecutor -->
    <!-- <task:executor id="myExecutorSample" pool-size="50" queue-capacity="100" /> -->
    <task:executor id="myExecutorSample" pool-size="5" queue-capacity="100" />
    
<!-- <task:annotation-driven executor="myExecutor" scheduler="myScheduler"/> -->
<!-- <task:executor id="myExecutor" pool-size="5"/> -->
<!-- <task:scheduler id="myScheduler" pool-size="10"/> -->

<!-- 	<task:annotation-driven executor="mvcTaskExecuter"/> -->
<!-- 	<task:executor id="mvcTaskExecuter" pool-size="5-10" queue-capacity="10" /> -->
    <mvc:annotation-driven >
<!--     	<mvc:async-support default-timeout="1000" task-executor="mvcTaskExecuter" /> -->
    </mvc:annotation-driven>
    
	<bean id="AsyncHelper" class="component.AsyncHelper" />
	<!--　外部ファイル使用 -->
    <mvc:resources mapping="/resources/**" location="/resources/" />
	<bean class="org.springframework.web.servlet.view.InternalResourceViewResolver">
	        <!-- Example: a logical view name of 'showMessage' is mapped to '/WEB-INF/jsp/showMessage.jsp' -->
	        <property name="prefix" value="/WEB-INF/view/"/>
	        <property name="suffix" value=".jsp"/>
	</bean>

</beans>
