<?xml version="1.0" encoding="UTF-8"?>

<!-- <beans xmlns="http://www.springframework.org/schema/beans" xmlns:xsi="http://www.w3.org/2001/XMLSchema-instance" -->
<!-- 	xmlns:context="http://www.springframework.org/schema/context" -->
<!-- 	xsi:schemaLocation="http://www.springframework.org/schema/beans http://www.springframework.org/schema/beans/spring-beans.xsd -->
<!-- 		http://www.springframework.org/schema/context http://www.springframework.org/schema/context/spring-context.xsd"> -->
    
<!--     Uncomment and add your base-package here:-->
<!--          <context:component-scan -->
<!--             base-package="org.springframework.samples.service"/>  --> 

<!-- </beans> -->
 
<beans xmlns="http://www.springframework.org/schema/beans"
	xmlns:xsi="http://www.w3.org/2001/XMLSchema-instance"
	xmlns:context="http://www.springframework.org/schema/context"
	xmlns:jpa="http://www.springframework.org/schema/data/jpa"
	xmlns:tx="http://www.springframework.org/schema/tx"
	xsi:schemaLocation="http://www.springframework.org/schema/beans
		http://www.springframework.org/schema/beans/spring-beans.xsd
		http://www.springframework.org/schema/jdbc
		http://www.springframework.org/schema/jdbc/spring-jdbc.xsd
		http://www.springframework.org/schema/data/jpa
		http://www.springframework.org/schema/data/jpa/spring-jpa.xsd
		http://www.springframework.org/schema/tx
		http://www.springframework.org/schema/tx/spring-tx-4.0.xsd
		http://www.springframework.org/schema/context
		http://www.springframework.org/schema/context/spring-context.xsd">
 
 
	<bean id="entityManagerFactory" 
		class="org.springframework.orm.jpa.LocalContainerEntityManagerFactoryBean">
		<property name="dataSource" ref="dataSource" ></property>
		<property name="packagesToScan" value="model" ></property>
		<property name="jpaVendorAdapter">
			<bean class="org.springframework.orm.jpa.vendor.HibernateJpaVendorAdapter" ></bean>
		</property>
		<property name="jpaProperties">
			<props>
				<prop key="hibernate.hbm2ddl.auto">none</prop>
				<prop key="hibernate.show_sql">true</prop>
				<prop key="hibernate.dialect">org.hibernate.dialect.MySQLDialect
				</prop>
			</props>



		</property>
	</bean>
 
	<bean id="dataSource" class="org.apache.commons.dbcp.BasicDataSource"
			destroy-method="close">
		<property name="driverClassName" value="${jdbc.driverClassName}" />
		<property name="url" value="${jdbc.url}" />
		<property name="username" value="${jdbc.username}" />
		<property name="password" value="${jdbc.password}" />
		<property name="removeAbandoned" value="true" />
		<property name="initialSize" value="3" />
		<property name="maxActive" value="30" />
		<property name="validationQuery" value="select now()" />
	</bean>
 
	<context:property-placeholder location="classpath:jdbc.properties" />
 
<!-- 	<bean id="jdbcTemplate" class="org.springframework.jdbc.core.JdbcTemplate"> -->
<!-- 		<property name="dataSource" ref="dataSource" /> -->
<!-- 	</bean> -->
<!-- 	<bean id="namedParameterJdbcTemplate" -->
<!-- 		class="org.springframework.jdbc.core.namedparam.NamedParameterJdbcTemplate"> -->
<!-- 		<constructor-arg ref="dataSource" /> -->
<!-- 	</bean> -->
 
	<jpa:repositories base-package="repository"/>
 
<!-- 		class="org.springframework.orm.jpa.JpaTransactionManager"> -->
	<bean id="transactionManager"
		class="org.springframework.orm.jpa.JpaTransactionManager">
				<property name="entityManagerFactory" ref="entityManagerFactory" />
	</bean>
 
	<tx:annotation-driven ></tx:annotation-driven>
</beans>